TRAINING,./training2/img513.jpg,teamv2,0.378404669,0.262953368,,,0.668287938,0.760362694
TRAINING,./training2/img290.jpg,teamv2,0.373540856,0.259067358,,,0.88229572,0.740932642
TRAINING,./training2/img188.jpg,teamv2,0.427042802,0.387305699,,,0.785019455,0.795336788
TRAINING,./training2/img15.jpg,teamv2,0.428988327,0.284974093,,,0.839494163,0.595854922
TRAINING,./training2/img507.jpg,teamv2,0.358949416,0.195595855,,,0.705252918,0.693005181
TRAINING,./training2/img715.jpg,teamv2,0.205825243,0.382428941,,,0.550485437,0.786821705
TRAINING,./training2/img745.jpg,teamv2,0.299029126,0.202842377,,,0.662135922,0.780361757
TRAINING,./training2/img621.jpg,teamv2,0.506809339,0.363989637,,,0.667315175,0.70984456
TRAINING,./training2/img181.jpg,teamv2,0.494163424,0.53626943,,,0.817120623,0.841968912
TRAINING,./training2/img484.jpg,teamv2,0.28307393,0.273316062,,,0.612840467,0.655440415
TRAINING,./training2/img28.jpg,teamv2,0.209143969,0.25388601,,,0.614785992,0.655440415
TRAINING,./training2/img325.jpg,teamv2,0.13618677,0.273316062,,,0.645914397,0.75388601
TRAINING,./training2/img312.jpg,teamv2,0.077821012,0.402849741,,,0.583657588,0.81865285
TRAINING,./training2/img26.jpg,teamv2,0.792801556,0.699481865,,,0.326848249,0.341968912
TRAINING,./training2/img606.jpg,teamv2,0.329766537,0.277202073,,,0.642023346,0.663212435
TRAINING,./training2/img558.jpg,teamv2,0.291828794,0.082901554,,,0.79766537,0.896373057
TRAINING,./training2/img535.jpg,teamv2,0.43385214,0.093264249,,,0.73151751,0.674870466
TRAINING,./training2/img343.jpg,teamv2,0.205252918,0.082901554,,,0.583657588,0.551813472
TRAINING,./training2/img694.jpg,teamv2,0.193203883,0.122739018,,,0.754368932,0.680878553
TRAINING,./training2/img530.jpg,teamv2,0.214007782,0.256476684,,,0.602140078,0.74611399
TRAINING,./training2/img532.jpg,teamv2,0.141050584,0.189119171,,,0.530155642,0.778497409
TRAINING,./training2/img752.jpg,teamv2,0.167961165,0.094315245,,,0.677669903,0.861757106
TRAINING,./training2/img147.jpg,teamv2,0.477626459,0.316062176,,,0.91536965,0.620466321
TRAINING,./training2/img249.jpg,teamv2,0.408560311,0.240932642,,,0.672178988,0.551813472
TRAINING,./training2/img346.jpg,teamv2,0.376459144,0.196891192,,,0.734435798,0.623056995
TRAINING,./training2/img689.jpg,teamv2,0.133980583,0.206718346,,,0.66407767,0.709302326
TRAINING,./training2/img122.jpg,teamv2,0.537937743,0.270725389,,,0.969844358,0.686528497
TRAINING,./training2/img537.jpg,teamv2,0.399805447,0.081606218,,,0.642996109,0.57253886
TRAINING,./training2/img737.jpg,teamv2,0.380582524,0.224806202,,,0.749514563,0.857881137
TRAINING,./training2/img287.jpg,teamv2,0.088521401,0.242227979,,,0.545719844,0.689119171
TRAINING,./training2/img527.jpg,teamv2,0.255836576,0.264248705,,,0.626459144,0.79015544
TRAINING,./training2/img361.jpg,teamv2,0.624513619,0.718911917,,,0.021400778,0.18134715
TRAINING,./training2/img614.jpg,teamv2,0.393968872,0.189119171,,,0.64688716,0.659326425
TRAINING,./training2/img422.jpg,teamv2,0.713035019,0.803108808,,,0.287937743,0.094559585
TRAINING,./training2/img744.jpg,teamv2,0.35631068,0.133074935,,,0.675728155,0.722222222
TRAINING,./training2/img623.jpg,teamv2,0.565175097,0.440414508,,,0.713035019,0.70984456
TRAINING,./training2/img667.jpg,teamv2,0.663424125,0.674870466,,,0.344357977,0.066062176
TRAINING,./training2/img61.jpg,teamv2,0.234435798,0.422279793,,,0.648832685,0.841968912
TRAINING,./training2/img192.jpg,teamv2,0.531128405,0.29015544,,,0.862840467,0.689119171
TRAINING,./training2/img338.jpg,teamv2,0.407587549,0.240932642,,,0.89688716,0.700777202
TRAINING,./training2/img434.jpg,teamv2,0.78307393,0.764248705,,,0.263618677,0.170984456
TRAINING,./training2/img313.jpg,teamv2,0.065175097,0.414507772,,,0.561284047,0.808290155
TRAINING,./training2/img308.jpg,teamv2,0.193579767,0.380829016,,,0.64688716,0.81865285
TRAINING,./training2/img316.jpg,teamv2,0.071011673,0.352331606,,,0.541828794,0.738341969
TRAINING,./training2/img171.jpg,teamv2,0.307392996,0.339378238,,,0.612840467,0.642487047
TRAINING,./training2/img153.jpg,teamv2,0.273346304,0.437823834,,,0.664396887,0.715025907
TRAINING,./training2/img279.jpg,teamv2,0.322957198,0.39507772,,,0.701361868,0.805699482
TRAINING,./training2/img600.jpg,teamv2,0.36381323,0.204663212,,,0.574902724,0.57642487
TRAINING,./training2/img757.jpg,teamv2,0.30776699,0.103359173,,,0.718446602,0.755813953
TRAINING,./training2/img717.jpg,teamv2,0.348543689,0.025839793,,,0.714563107,0.65503876
TRAINING,./training2/img443.jpg,teamv2,0.569066148,0.861398964,,,0.08463035,0.119170984
TRAINING,./training2/img398.jpg,teamv2,0.098249027,0.227979275,,,0.575875486,0.661917098
TRAINING,./training2/img612.jpg,teamv2,0.446498054,0.357512953,,,0.893968872,0.82253886
TRAINING,./training2/img490.jpg,teamv2,0.436770428,0.143782383,,,0.794747082,0.75
TRAINING,./training2/img514.jpg,teamv2,0.273346304,0.274611399,,,0.642996109,0.883419689
TRAINING,./training2/img378.jpg,teamv2,0.345330739,0.14119171,,,0.763618677,0.527202073
TRAINING,./training2/img587.jpg,teamv2,0.319066148,0.051813472,,,0.714980545,0.672279793
TRAINING,./training2/img528.jpg,teamv2,0.180933852,0.174870466,,,0.581712062,0.78626943
TRAINING,./training2/img187.jpg,teamv2,0.65077821,0.435233161,,,0.994163424,0.867875648
TRAINING,./training2/img408.jpg,teamv2,0.681906615,0.722797927,,,0.205252918,0.198186528
TRAINING,./training2/img221.jpg,teamv2,0.338521401,0.269430052,,,0.676070039,0.663212435
TRAINING,./training2/img645.jpg,teamv2,0.269455253,0.222797927,,,0.572957198,0.704663212
TRAINING,./training2/img588.jpg,teamv2,0.416342412,0.277202073,,,0.679961089,0.751295337
TRAINING,./training2/img320.jpg,teamv2,0.23540856,0.356217617,,,0.595330739,0.766839378
TRAINING,./training2/img362.jpg,teamv2,0.030155642,0.159326425,,,0.561284047,0.672279793
TRAINING,./training2/img569.jpg,teamv2,0.722762646,0.744818653,,,0.309338521,0.046632124
TRAINING,./training2/img107.jpg,teamv2,0.221789883,0.419689119,,,0.643968872,0.774611399
TRAINING,./training2/img215.jpg,teamv2,0.305447471,0.287564767,,,0.672178988,0.617875648
TRAINING,./training2/img196.jpg,teamv2,0.138132296,0.272020725,,,0.56614786,0.652849741
TRAINING,./training2/img427.jpg,teamv2,0.641050584,0.845854922,,,0.200389105,0.129533679
TRAINING,./training2/img764.jpg,teamv2,0.303883495,0.277777778,,,0.682524272,0.861757106
TRAINING,./training2/img633.jpg,teamv2,0.23540856,0.168393782,,,0.652723735,0.75388601
TRAINING,./training2/img521.jpg,teamv2,0.273346304,0.204663212,,,0.648832685,0.70984456
TRAINING,./training2/img767.jpg,teamv2,0.187378641,0.023255814,,,0.6,0.647286822
TRAINING,./training2/img503.jpg,teamv2,0.346303502,0.115284974,,,0.677042802,0.695595855
TRAINING,./training2/img458.jpg,teamv2,0.4192607,0.244818653,,,0.664396887,0.682642487
TRAINING,./training2/img356.jpg,teamv2,0.18385214,0.252590674,,,0.615758755,0.70984456
TRAINING,./training2/img304.jpg,teamv2,0.095330739,0.414507772,,,0.595330739,0.89119171
TRAINING,./training2/img476.jpg,teamv2,0.456225681,0.321243523,,,0.718871595,0.699481865
TRAINING,./training2/img635.jpg,teamv2,0.403696498,0.239637306,,,0.711089494,0.703367876
TRAINING,./training2/img371.jpg,teamv2,0.14688716,0.313471503,,,0.592412451,0.751295337
TRAINING,./training2/img144.jpg,teamv2,0.912451362,0.533678756,,,0.438715953,0.161917098
TRAINING,./training2/img759.jpg,teamv2,0.344660194,0.169250646,,,0.748543689,0.829457364
TRAINING,./training2/img634.jpg,teamv2,0.347276265,0.054404145,,,0.704280156,0.646373057
TRAINING,./training2/img466.jpg,teamv2,0.582684825,0.242227979,,,0.820038911,0.577720207
TRAINING,./training2/img647.jpg,teamv2,0.241245136,0.270725389,,,0.54766537,0.781088083
TRAINING,./training2/img481.jpg,teamv2,0.285019455,0.411917098,,,0.563229572,0.932642487
TRAINING,./training2/img209.jpg,teamv2,0.273346304,0.389896373,,,0.536964981,0.696891192
TRAINING,./training2/img81.jpg,teamv2,0.171206226,0.380829016,,,0.559338521,0.813471503
TRAINING,./training2/img668.jpg,teamv2,0.347276265,0.264248705,,,0.611867704,0.765544041
TRAINING,./training2/img706.jpg,teamv2,0.288349515,0.237726098,,,0.767961165,0.73126615
TRAINING,./training2/img146.jpg,teamv2,0.500972763,0.334196891,,,0.924124514,0.642487047
TRAINING,./training2/img84.jpg,teamv2,0.241245136,0.424870466,,,0.575875486,0.777202073
TRAINING,./training2/img85.jpg,teamv2,0.255836576,0.426165803,,,0.577821012,0.772020725
TRAINING,./training2/img160.jpg,teamv2,0.431906615,0.242227979,,,0.85311284,0.624352332
TRAINING,./training2/img453.jpg,teamv2,0.464007782,0.194300518,,,0.749027237,0.764248705
TRAINING,./training2/img394.jpg,teamv2,0.03307393,0.14507772,,,0.494163424,0.638601036
TRAINING,./training2/img676.jpg,teamv2,0.368677043,0.10492228,,,0.727626459,0.615284974
TRAINING,./training2/img632.jpg,teamv2,0.346303502,0.207253886,,,0.693579767,0.689119171
TRAINING,./training2/img700.jpg,teamv2,0.353398058,0.206718346,,,0.739805825,0.682170543
TRAINING,./training2/img489.jpg,teamv2,0.357976654,0.103626943,,,0.682879377,0.670984456
TRAINING,./training2/img646.jpg,teamv2,0.248054475,0.269430052,,,0.5807393,0.778497409
TRAINING,./training2/img206.jpg,teamv2,0.34922179,0.303108808,,,0.779182879,0.689119171
TRAINING,./training2/img51.jpg,teamv2,0.356031128,0.366580311,,,0.691634241,0.619170984
TRAINING,./training2/img506.jpg,teamv2,0.352140078,0.221502591,,,0.652723735,0.761658031
TRAINING,./training2/img417.jpg,teamv2,0.66536965,0.689119171,,,0.08463035,0.161917098
TRAINING,./training2/img105.jpg,teamv2,0.195525292,0.475388601,,,0.597276265,0.834196891
TRAINING,./training2/img83.jpg,teamv2,0.155642023,0.374352332,,,0.545719844,0.808290155
TRAINING,./training2/img336.jpg,teamv2,0.444552529,0.476683938,,,0.701361868,0.668393782
TRAINING,./training2/img620.jpg,teamv2,0.425097276,0.273316062,,,0.621595331,0.544041451
TRAINING,./training2/img580.jpg,teamv2,0.36770428,0.037564767,,,0.705252918,0.602331606
TRAINING,./training2/img208.jpg,teamv2,0.272373541,0.383419689,,,0.556420233,0.663212435
TRAINING,./training2/img659.jpg,teamv2,0.310311284,0.103626943,,,0.611867704,0.626943005
TRAINING,./training2/img683.jpg,teamv2,0.287378641,0.104651163,,,0.785436893,0.608527132
TRAINING,./training2/img390.jpg,teamv2,0.810311284,0.665803109,,,0.401750973,0.196891192
TRAINING,./training2/img364.jpg,teamv2,0.076848249,0.187823834,,,0.666342412,0.591968912
TRAINING,./training2/img473.jpg,teamv2,0.483463035,0.056994819,,,0.776264591,0.519430052
TRAINING,./training2/img556.jpg,teamv2,0.308365759,0.024611399,,,0.718871595,0.68134715
TRAINING,./training2/img202.jpg,teamv2,0.352140078,0.155440415,,,0.745136187,0.580310881
TRAINING,./training2/img402.jpg,teamv2,0.93385214,0.683937824,,,0.377431907,0.082901554
TRAINING,./training2/img339.jpg,teamv2,0.416342412,0.218911917,,,0.866731518,0.678756477
TRAINING,./training2/img615.jpg,teamv2,0.489299611,0.216321244,,,0.776264591,0.691709845
TRAINING,./training2/img722.jpg,teamv2,0.37184466,0.183462532,,,0.793203883,0.84754522
TRAINING,./training2/img562.jpg,teamv2,0.323929961,0.132124352,,,0.656614786,0.726683938
TRAINING,./training2/img22.jpg,teamv2,0.25,0.418393782,,,0.625486381,0.722797927
TRAINING,./training2/img445.jpg,teamv2,0.629377432,0.409326425,,,0.302529183,0.002590674
TRAINING,./training2/img377.jpg,teamv2,0.374513619,0.139896373,,,0.795719844,0.547927461
TRAINING,./training2/img636.jpg,teamv2,0.240272374,0.225388601,,,0.625486381,0.735751295
TRAINING,./training2/img66.jpg,teamv2,0.403696498,0.291450777,,,0.741245136,0.591968912
TRAINING,./training2/img681.jpg,teamv2,0.268932039,0.15374677,,,0.726213592,0.61627907
TRAINING,./training2/img291.jpg,teamv2,0.364785992,0.244818653,,,0.899805447,0.734455959
TRAINING,./training2/img576.jpg,teamv2,0.294747082,0.126943005,,,0.704280156,0.801813472
TRAINING,./training2/img79.jpg,teamv2,0.273346304,0.388601036,,,0.577821012,0.740932642
TRAINING,./training2/img754.jpg,teamv2,0.32038835,0.094315245,,,0.824271845,0.726098191
TRAINING,./training2/img465.jpg,teamv2,0.41536965,0.265544041,,,0.757782101,0.733160622
TRAINING,./training2/img95.jpg,teamv2,0.179961089,0.39119171,,,0.506809339,0.691709845
TRAINING,./training2/img210.jpg,teamv2,0.189688716,0.308290155,,,0.65077821,0.74611399
TRAINING,./training2/img349.jpg,teamv2,0.176070039,0.227979275,,,0.63229572,0.687823834
TRAINING,./training2/img725.jpg,teamv2,0.382524272,0.142118863,,,0.714563107,0.741602067
TRAINING,./training2/img598.jpg,teamv2,0.653696498,0.720207254,,,0.369649805,0.240932642
TRAINING,./training2/img611.jpg,teamv2,0.425097276,0.176165803,,,0.857003891,0.836787565
TRAINING,./training2/img589.jpg,teamv2,0.311284047,0.373056995,,,0.576848249,0.764248705
TRAINING,./training2/img327.jpg,teamv2,0.321984436,0.35492228,,,0.703307393,0.738341969
TRAINING,./training2/img292.jpg,teamv2,0.360894942,0.284974093,,,0.788910506,0.663212435
TRAINING,./training2/img260.jpg,teamv2,0.323929961,0.352331606,,,0.634241245,0.707253886
TRAINING,./training2/img277.jpg,teamv2,0.315175097,0.392487047,,,0.701361868,0.79015544
TRAINING,./training2/img358.jpg,teamv2,0.125486381,0.256476684,,,0.611867704,0.720207254
TRAINING,./training2/img268.jpg,teamv2,0.29766537,0.440414508,,,0.582684825,0.769430052
TRAINING,./training2/img409.jpg,teamv2,0.645914397,0.764248705,,,0.115758755,0.248704663
TRAINING,./training2/img328.jpg,teamv2,0.954280156,0.663212435,,,0.504863813,0.164507772
TRAINING,./training2/img103.jpg,teamv2,0.121595331,0.430051813,,,0.505836576,0.791450777
TRAINING,./training2/img326.jpg,teamv2,0.29766537,0.375647668,,,0.722762646,0.715025907
TRAINING,./training2/img207.jpg,teamv2,0.359922179,0.300518135,,,0.759727626,0.696891192
TRAINING,./training2/img157.jpg,teamv2,0.306420233,0.240932642,,,0.689688716,0.715025907
TRAINING,./training2/img426.jpg,teamv2,0.71692607,0.823834197,,,0.259727626,0.136010363
TRAINING,./training2/img305.jpg,teamv2,0.100194553,0.411917098,,,0.581712062,0.889896373
TRAINING,./training2/img573.jpg,teamv2,0.323929961,0.007772021,,,0.776264591,0.689119171
TRAINING,./training2/img607.jpg,teamv2,0.23540856,0.264248705,,,0.582684825,0.611398964
TRAINING,./training2/img31.jpg,teamv2,0.310311284,0.272020725,,,0.662451362,0.639896373
TRAINING,./training2/img488.jpg,teamv2,0.333657588,0.10492228,,,0.709143969,0.659326425
TRAINING,./training2/img69.jpg,teamv2,0.255836576,0.362694301,,,0.592412451,0.656735751
TRAINING,./training2/img414.jpg,teamv2,0.659533074,0.668393782,,,0.019455253,0.252590674
TRAINING,./training2/img541.jpg,teamv2,0.507782101,0.112694301,,,0.800583658,0.670984456
TRAINING,./training2/img11.jpg,teamv2,0.052529183,0.274611399,,,0.592412451,0.691709845
TRAINING,./training2/img233.jpg,teamv2,0.388132296,0.335492228,,,0.728599222,0.727979275
TRAINING,./training2/img680.jpg,teamv2,0.272815534,0.134366925,,,0.73592233,0.626614987
TRAINING,./training2/img648.jpg,teamv2,0.411478599,0.133419689,,,0.681906615,0.611398964
TRAINING,./training2/img638.jpg,teamv2,0.303501946,0.233160622,,,0.630350195,0.724093264
TRAINING,./training2/img96.jpg,teamv2,0.323929961,0.515544041,,,0.499027237,0.722797927
TRAINING,./training2/img223.jpg,teamv2,0.144941634,0.281088083,,,0.537937743,0.702072539
TRAINING,./training2/img264.jpg,teamv2,0.275291829,0.414507772,,,0.582684825,0.71373057
TRAINING,./training2/img150.jpg,teamv2,0.225680934,0.257772021,,,0.513618677,0.607512953
TRAINING,./training2/img138.jpg,teamv2,0.372568093,0.360103627,,,0.802529183,0.70984456
TRAINING,./training2/img671.jpg,teamv2,0.428988327,0.373056995,,,0.710116732,0.871761658
TRAINING,./training2/img618.jpg,teamv2,0.358949416,0.374352332,,,0.596303502,0.748704663
TRAINING,./training2/img496.jpg,teamv2,0.308365759,0.167098446,,,0.697470817,0.816062176
TRAINING,./training2/img63.jpg,teamv2,0.232490272,0.417098446,,,0.553501946,0.738341969
TRAINING,./training2/img560.jpg,teamv2,0.35311284,0.045336788,,,0.671206226,0.606217617
TRAINING,./training2/img424.jpg,teamv2,0.700389105,0.849740933,,,0.263618677,0.207253886
TRAINING,./training2/img669.jpg,teamv2,0.411478599,0.437823834,,,0.674124514,0.816062176
TRAINING,./training2/img317.jpg,teamv2,0.04766537,0.362694301,,,0.557392996,0.735751295
TRAINING,./training2/img140.jpg,teamv2,0.308365759,0.356217617,,,0.717898833,0.698186528
TRAINING,./training2/img631.jpg,teamv2,0.237354086,0.314766839,,,0.504863813,0.81865285
TRAINING,./training2/img693.jpg,teamv2,0.296116505,0.148578811,,,0.842718447,0.745478036
TRAINING,./training2/img653.jpg,teamv2,0.685797665,0.668393782,,,0.393968872,0.230569948
TRAINING,./training2/img297.jpg,teamv2,0.240272374,0.262953368,,,0.658560311,0.633419689
TRAINING,./training2/img738.jpg,teamv2,0.42038835,0.228682171,,,0.70776699,0.795865633
TRAINING,./training2/img392.jpg,teamv2,0.337548638,0.685233161,,,0.003891051,0.225388601
TRAINING,./training2/img216.jpg,teamv2,0.168287938,0.406735751,,,0.585603113,0.779792746
TRAINING,./training2/img456.jpg,teamv2,0.418287938,0.220207254,,,0.73151751,0.71761658
TRAINING,./training2/img186.jpg,teamv2,0.642023346,0.475388601,,,0.983463035,0.857512953
TRAINING,./training2/img730.jpg,teamv2,0.376699029,0.233850129,,,0.713592233,0.841085271
TRAINING,./training2/img385.jpg,teamv2,0.368677043,0.264248705,,,0.786964981,0.718911917
TRAINING,./training2/img578.jpg,teamv2,0.239299611,0.077720207,,,0.615758755,0.71373057
TRAINING,./training2/img261.jpg,teamv2,0.306420233,0.35492228,,,0.622568093,0.696891192
TRAINING,./training2/img93.jpg,teamv2,0.273346304,0.334196891,,,0.54766537,0.663212435
TRAINING,./training2/img2.jpg,teamv2,0.282101167,0.136010363,,,0.747081712,0.619170984
TRAINING,./training2/img594.jpg,teamv2,0.337548638,0.012953368,,,0.714980545,0.634715026
TRAINING,./training2/img90.jpg,teamv2,0.295719844,0.310880829,,,0.59922179,0.646373057
TRAINING,./training2/img65.jpg,teamv2,0.405642023,0.297927461,,,0.759727626,0.577720207
TRAINING,./training2/img52.jpg,teamv2,0.318093385,0.266839378,,,0.728599222,0.634715026
TRAINING,./training2/img267.jpg,teamv2,0.3307393,0.485751295,,,0.614785992,0.765544041
TRAINING,./training2/img298.jpg,teamv2,0.115758755,0.303108808,,,0.556420233,0.696891192
TRAINING,./training2/img36.jpg,teamv2,0.109922179,0.433937824,,,0.577821012,0.844559585
TRAINING,./training2/img455.jpg,teamv2,0.502918288,0.28238342,,,0.767509728,0.797927461
TRAINING,./training2/img432.jpg,teamv2,0.790856031,0.722797927,,,0.277237354,0.120466321
TRAINING,./training2/img542.jpg,teamv2,0.343385214,0.031088083,,,0.681906615,0.613989637
TRAINING,./training2/img602.jpg,teamv2,0.416342412,0.237046632,,,0.85311284,0.932642487
TRAINING,./training2/img504.jpg,teamv2,0.293774319,0.107512953,,,0.612840467,0.616580311
TRAINING,./training2/img720.jpg,teamv2,0.276699029,0.109819121,,,0.648543689,0.724806202
TRAINING,./training2/img407.jpg,teamv2,0.71692607,0.721502591,,,0.140077821,0.150259067
TRAINING,./training2/img616.jpg,teamv2,0.529182879,0.305699482,,,0.740272374,0.721502591
TRAINING,./training2/img674.jpg,teamv2,0.328793774,0.196891192,,,0.718871595,0.856217617
TRAINING,./training2/img123.jpg,teamv2,0.561284047,0.256476684,,,0.969844358,0.686528497
TRAINING,./training2/img62.jpg,teamv2,0.567120623,0.744818653,,,0.239299611,0.413212435
TRAINING,./training2/img4.jpg,teamv2,0.40077821,0.233160622,,,0.679961089,0.53238342
TRAINING,./training2/img117.jpg,teamv2,0.444552529,0.277202073,,,0.810311284,0.689119171
TRAINING,./training2/img116.jpg,teamv2,0.439688716,0.277202073,,,0.814202335,0.691709845
TRAINING,./training2/img175.jpg,teamv2,0.345330739,0.424870466,,,0.653696498,0.716321244
TRAINING,./training2/img403.jpg,teamv2,0.60311284,0.715025907,,,0.01459144,0.147668394
TRAINING,./training2/img449.jpg,teamv2,0.777237354,0.54015544,,,0.513618677,0.056994819
TRAINING,./training2/img345.jpg,teamv2,0.399805447,0.240932642,,,0.800583658,0.663212435
TRAINING,./training2/img505.jpg,teamv2,0.36381323,0.170984456,,,0.75,0.81865285
TRAINING,./training2/img309.jpg,teamv2,0.656614786,0.860103627,,,0.194552529,0.357512953
TRAINING,./training2/img517.jpg,teamv2,0.228599222,0.235751295,,,0.652723735,0.71761658
TRAINING,./training2/img480.jpg,teamv2,0.352140078,0.404145078,,,0.635214008,0.920984456
TRAINING,./training2/img699.jpg,teamv2,0.089320388,0.162790698,,,0.678640777,0.784237726
TRAINING,./training2/img474.jpg,teamv2,0.410505837,0.207253886,,,0.643968872,0.562176166
TRAINING,./training2/img755.jpg,teamv2,0.340776699,0.049095607,,,0.759223301,0.704134367
TRAINING,./training2/img129.jpg,teamv2,0.335603113,0.455958549,,,0.755836576,0.759067358
TRAINING,./training2/img679.jpg,teamv2,0.397859922,0.295336788,,,0.753891051,0.687823834
TRAINING,./training2/img643.jpg,teamv2,0.201361868,0.310880829,,,0.561284047,0.761658031
TRAINING,./training2/img524.jpg,teamv2,0.292801556,0.300518135,,,0.666342412,0.857512953
TRAINING,./training2/img396.jpg,teamv2,0.58463035,0.733160622,,,0.105058366,0.314766839
TRAINING,./training2/img128.jpg,teamv2,0.351167315,0.453367876,,,0.762645914,0.78238342
TRAINING,./training2/img395.jpg,teamv2,0.568093385,0.712435233,,,0.115758755,0.191709845
TRAINING,./training2/img220.jpg,teamv2,0.333657588,0.273316062,,,0.68385214,0.652849741
TRAINING,./training2/img672.jpg,teamv2,0.416342412,0.256476684,,,0.714980545,0.795336788
TRAINING,./training2/img384.jpg,teamv2,0.224708171,0.308290155,,,0.677042802,0.722797927
TRAINING,./training2/img251.jpg,teamv2,0.364785992,0.400259067,,,0.607003891,0.680051813
TRAINING,./training2/img276.jpg,teamv2,0.335603113,0.304404145,,,0.743190661,0.696891192
TRAINING,./training2/img32.jpg,teamv2,0.28307393,0.256476684,,,0.624513619,0.630829016
TRAINING,./training2/img583.jpg,teamv2,0.443579767,0.080310881,,,0.713035019,0.612694301
TRAINING,./training2/img178.jpg,teamv2,0.662451362,0.827720207,,,0.354085603,0.531088083
TRAINING,./training2/img736.jpg,teamv2,0.348543689,0.198966408,,,0.737864078,0.895348837
TRAINING,./training2/img708.jpg,teamv2,0.360194175,0.148578811,,,0.759223301,0.634366925
TRAINING,./training2/img761.jpg,teamv2,0.27184466,0.11498708,,,0.713592233,0.835917313
TRAINING,./training2/img49.jpg,teamv2,0.36381323,0.365284974,,,0.727626459,0.660621762
TRAINING,./training2/img185.jpg,teamv2,0.442607004,0.46373057,,,0.697470817,0.79015544
TRAINING,./training2/img310.jpg,teamv2,0.187743191,0.396373057,,,0.662451362,0.841968912
TRAINING,./training2/img508.jpg,teamv2,0.380350195,0.183937824,,,0.68385214,0.659326425
TRAINING,./training2/img230.jpg,teamv2,0.306420233,0.341968912,,,0.672178988,0.695595855
TRAINING,./training2/img437.jpg,teamv2,0.705252918,0.674870466,,,0.167315175,0.119170984
TRAINING,./training2/img534.jpg,teamv2,0.393968872,0.251295337,,,0.976653696,0.876943005
TRAINING,./training2/img289.jpg,teamv2,0.213035019,0.314766839,,,0.679961089,0.795336788
TRAINING,./training2/img552.jpg,teamv2,0.311284047,0.165803109,,,0.64688716,0.79015544
TRAINING,./training2/img431.jpg,teamv2,0.705252918,0.777202073,,,0.124513619,0.159326425
TRAINING,./training2/img622.jpg,teamv2,0.512645914,0.408031088,,,0.664396887,0.70984456
TRAINING,./training2/img428.jpg,teamv2,0.627431907,0.808290155,,,0.209143969,0.113989637
TRAINING,./training2/img673.jpg,teamv2,0.398832685,0.147668394,,,0.777237354,0.704663212
TRAINING,./training2/img627.jpg,teamv2,0.31614786,0.152849741,,,0.592412451,0.624352332
TRAINING,./training2/img318.jpg,teamv2,0.174124514,0.376943005,,,0.627431907,0.75
TRAINING,./training2/img500.jpg,teamv2,0.234435798,0.215025907,,,0.653696498,0.892487047
TRAINING,./training2/img704.jpg,teamv2,0.238834951,0.179586563,,,0.716504854,0.640826873
TRAINING,./training2/img411.jpg,teamv2,0.734435798,0.683937824,,,0.129377432,0.268134715
TRAINING,./training2/img565.jpg,teamv2,0.068093385,0.160621762,,,0.588521401,0.810880829
TRAINING,./training2/img523.jpg,teamv2,0.227626459,0.305699482,,,0.608949416,0.831606218
TRAINING,./training2/img33.jpg,teamv2,0.26848249,0.261658031,,,0.63229572,0.610103627
TRAINING,./training2/img625.jpg,teamv2,0.454280156,0.160621762,,,0.627431907,0.392487047
TRAINING,./training2/img766.jpg,teamv2,0.346601942,0.11369509,,,0.754368932,0.728682171
TRAINING,./training2/img121.jpg,teamv2,0.29766537,0.277202073,,,0.692607004,0.752590674
TRAINING,./training2/img421.jpg,teamv2,0.697470817,0.796632124,,,0.318093385,0.086787565
TRAINING,./training2/img248.jpg,teamv2,0.407587549,0.252590674,,,0.68385214,0.560880829
TRAINING,./training2/img762.jpg,teamv2,0.296116505,0.118863049,,,0.747572816,0.872093023
TRAINING,./training2/img493.jpg,teamv2,0.333657588,0.130829016,,,0.654669261,0.779792746
TRAINING,./training2/img47.jpg,teamv2,0.469844358,0.266839378,,,0.818093385,0.598445596
TRAINING,./training2/img695.jpg,teamv2,0.209708738,0.11627907,,,0.763106796,0.664082687
TRAINING,./training2/img475.jpg,teamv2,0.296692607,0.398963731,,,0.59922179,0.797927461
TRAINING,./training2/img211.jpg,teamv2,0.201361868,0.321243523,,,0.642996109,0.769430052
TRAINING,./training2/img200.jpg,teamv2,0.310311284,0.292746114,,,0.699416342,0.721502591
TRAINING,./training2/img114.jpg,teamv2,0.029182879,0.332901554,,,0.504863813,0.759067358
TRAINING,./training2/img436.jpg,teamv2,0.667315175,0.655440415,,,0.242217899,0.106217617
TRAINING,./training2/img540.jpg,teamv2,0.442607004,0.243523316,,,0.739299611,0.832901554
TRAINING,./training2/img256.jpg,teamv2,0.307392996,0.278497409,,,0.626459144,0.589378238
TRAINING,./training2/img467.jpg,teamv2,0.347276265,0.292746114,,,0.597276265,0.632124352
TRAINING,./training2/img678.jpg,teamv2,0.399805447,0.113989637,,,0.763618677,0.64119171
TRAINING,./training2/img652.jpg,teamv2,0.826848249,0.633419689,,,0.51459144,0.097150259
TRAINING,./training2/img57.jpg,teamv2,0.469844358,0.450777202,,,0.840466926,0.85492228
TRAINING,./training2/img519.jpg,teamv2,0.209143969,0.25388601,,,0.508754864,0.738341969
TRAINING,./training2/img557.jpg,teamv2,0.478599222,0.193005181,,,0.855058366,0.760362694
TRAINING,./training2/img731.jpg,teamv2,0.273786408,0.161498708,,,0.72038835,0.841085271
TRAINING,./training2/img544.jpg,teamv2,0.779182879,0.892487047,,,0.326848249,0.193005181
TRAINING,./training2/img461.jpg,teamv2,0.462062257,0.367875648,,,0.717898833,0.878238342
TRAINING,./training2/img70.jpg,teamv2,0.296692607,0.343264249,,,0.594357977,0.615284974
TRAINING,./training2/img375.jpg,teamv2,0.304474708,0.142487047,,,0.691634241,0.497409326
TRAINING,./training2/img379.jpg,teamv2,0.337548638,0.174870466,,,0.761673152,0.516839378
TRAINING,./training2/img125.jpg,teamv2,0.374513619,0.172279793,,,0.734435798,0.533678756
TRAINING,./training2/img179.jpg,teamv2,0.36770428,0.544041451,,,0.684824903,0.816062176
TRAINING,./training2/img243.jpg,teamv2,0.347276265,0.225388601,,,0.63229572,0.599740933
TRAINING,./training2/img284.jpg,teamv2,0.259727626,0.248704663,,,0.741245136,0.621761658
TRAINING,./training2/img164.jpg,teamv2,0.21692607,0.380829016,,,0.65077821,0.783678756
TRAINING,./training2/img354.jpg,teamv2,0.162451362,0.300518135,,,0.651750973,0.762953368
TRAINING,./training2/img478.jpg,teamv2,0.394941634,0.445595855,,,0.65077821,0.940414508
TRAINING,./training2/img71.jpg,teamv2,0.302529183,0.348445596,,,0.600194553,0.630829016
TRAINING,./training2/img126.jpg,teamv2,0.209143969,0.294041451,,,0.625486381,0.726683938
TRAINING,./training2/img257.jpg,teamv2,0.308365759,0.292746114,,,0.625486381,0.584196891
TRAINING,./training2/img597.jpg,teamv2,0.357003891,0.292746114,,,0.606031128,0.729274611
TRAINING,./training2/img99.jpg,teamv2,0.181906615,0.446891192,,,0.51459144,0.801813472
TRAINING,./training2/img492.jpg,teamv2,0.358949416,0.150259067,,,0.705252918,0.720207254
TRAINING,./training2/img550.jpg,teamv2,0.472762646,0.023316062,,,0.865758755,0.664507772
TRAINING,./training2/img734.jpg,teamv2,0.300970874,0.109819121,,,0.697087379,0.763565891
TRAINING,./training2/img280.jpg,teamv2,0.271400778,0.419689119,,,0.635214008,0.784974093
TRAINING,./training2/img180.jpg,teamv2,0.48151751,0.53238342,,,0.806420233,0.851036269
TRAINING,./training2/img294.jpg,teamv2,0.336575875,0.279792746,,,0.744163424,0.652849741
TRAINING,./training2/img716.jpg,teamv2,0.353398058,0.012919897,,,0.723300971,0.682170543
TRAINING,./training2/img131.jpg,teamv2,0.282101167,0.31865285,,,0.707198444,0.634715026
TRAINING,./training2/img601.jpg,teamv2,0.407587549,0.261658031,,,0.627431907,0.648963731
TRAINING,./training2/img334.jpg,teamv2,0.170233463,0.317357513,,,0.586575875,0.683937824
TRAINING,./training2/img193.jpg,teamv2,0.512645914,0.28238342,,,0.872568093,0.71373057
TRAINING,./training2/img510.jpg,teamv2,0.34922179,0.007772021,,,0.771400778,0.655440415
TRAINING,./training2/img696.jpg,teamv2,0.083495146,0.173126615,,,0.638834951,0.684754522
TRAINING,./training2/img415.jpg,teamv2,0.747081712,0.693005181,,,0.085603113,0.278497409
TRAINING,./training2/img698.jpg,teamv2,0.108737864,0.164082687,,,0.691262136,0.751937984
TRAINING,./training2/img691.jpg,teamv2,0.136893204,0.195090439,,,0.715533981,0.708010336
TRAINING,./training2/img365.jpg,teamv2,0.207198444,0.277202073,,,0.703307393,0.720207254
TRAINING,./training2/img24.jpg,teamv2,0.384241245,0.277202073,,,0.733463035,0.588082902
TRAINING,./training2/img217.jpg,teamv2,0.160505837,0.410621762,,,0.586575875,0.800518135
TRAINING,./training2/img269.jpg,teamv2,0.304474708,0.595854922,,,0.612840467,0.85880829
TRAINING,./training2/img711.jpg,teamv2,0.217475728,0.151162791,,,0.601941748,0.627906977
TRAINING,./training2/img485.jpg,teamv2,0.306420233,0.216321244,,,0.666342412,0.665803109
TRAINING,./training2/img690.jpg,teamv2,0.139805825,0.183462532,,,0.731067961,0.741602067
TRAINING,./training2/img547.jpg,teamv2,0.310311284,0.10880829,,,0.69844358,0.686528497
TRAINING,./training2/img247.jpg,teamv2,0.338521401,0.235751295,,,0.609922179,0.551813472
TRAINING,./training2/img630.jpg,teamv2,0.259727626,0.264248705,,,0.588521401,0.730569948
TRAINING,./training2/img463.jpg,teamv2,0.442607004,0.137305699,,,0.779182879,0.518134715
TRAINING,./training2/img712.jpg,teamv2,0.384466019,0.370801034,,,0.724271845,0.779069767
TRAINING,./training2/img296.jpg,teamv2,0.351167315,0.268134715,,,0.751945525,0.676165803
TRAINING,./training2/img281.jpg,teamv2,0.28307393,0.424870466,,,0.637159533,0.784974093
TRAINING,./training2/img608.jpg,teamv2,0.343385214,0.371761658,,,0.631322957,0.853626943
TRAINING,./training2/img591.jpg,teamv2,0.499027237,0.168393782,,,0.808365759,0.711139896
TRAINING,./training2/img56.jpg,teamv2,0.469844358,0.462435233,,,0.861867704,0.875647668
TRAINING,./training2/img435.jpg,teamv2,0.68385214,0.670984456,,,0.133268482,0.115284974
TRAINING,./training2/img703.jpg,teamv2,0.310679612,0.209302326,,,0.819417476,0.662790698
TRAINING,./training2/img228.jpg,teamv2,0.360894942,0.397668394,,,0.642996109,0.639896373
TRAINING,./training2/img120.jpg,teamv2,0.28307393,0.284974093,,,0.681906615,0.740932642
TRAINING,./training2/img194.jpg,teamv2,0.377431907,0.239637306,,,0.786964981,0.626943005
TRAINING,./training2/img342.jpg,teamv2,0.215953307,0.069948187,,,0.589494163,0.567357513
TRAINING,./training2/img166.jpg,teamv2,0.28307393,0.297927461,,,0.536964981,0.562176166
TRAINING,./training2/img351.jpg,teamv2,0.128404669,0.343264249,,,0.5807393,0.760362694
TRAINING,./training2/img205.jpg,teamv2,0.371595331,0.191709845,,,0.790856031,0.660621762
TRAINING,./training2/img246.jpg,teamv2,0.332684825,0.244818653,,,0.629377432,0.558290155
TRAINING,./training2/img60.jpg,teamv2,0.220817121,0.422279793,,,0.642996109,0.852331606
TRAINING,./training2/img262.jpg,teamv2,0.244163424,0.389896373,,,0.560311284,0.699481865
TRAINING,./training2/img368.jpg,teamv2,0.240272374,0.261658031,,,0.717898833,0.630829016
TRAINING,./training2/img50.jpg,teamv2,0.362840467,0.343264249,,,0.685797665,0.611398964
TRAINING,./training2/img692.jpg,teamv2,0.29223301,0.133074935,,,0.815533981,0.706718346
TRAINING,./training2/img373.jpg,teamv2,0.395914397,0.32642487,,,0.766536965,0.716321244
TRAINING,./training2/img472.jpg,teamv2,0.408560311,0.230569948,,,0.689688716,0.589378238
TRAINING,./training2/img27.jpg,teamv2,0.317120623,0.339378238,,,0.805447471,0.691709845
TRAINING,./training2/img253.jpg,teamv2,0.374513619,0.502590674,,,0.61770428,0.756476684
TRAINING,./training2/img452.jpg,teamv2,0.438715953,0.262953368,,,0.699416342,0.707253886
TRAINING,./training2/img462.jpg,teamv2,0.679961089,0.748704663,,,0.372568093,0.244818653
TRAINING,./training2/img314.jpg,teamv2,0.142023346,0.349740933,,,0.545719844,0.71373057
TRAINING,./training2/img191.jpg,teamv2,0.397859922,0.225388601,,,0.728599222,0.556994819
TRAINING,./training2/img89.jpg,teamv2,0.340466926,0.349740933,,,0.697470817,0.60880829
TRAINING,./training2/img311.jpg,teamv2,0.179961089,0.378238342,,,0.700389105,0.841968912
TRAINING,./training2/img344.jpg,teamv2,0.397859922,0.234455959,,,0.790856031,0.64119171
TRAINING,./training2/img697.jpg,teamv2,0.096116505,0.160206718,,,0.640776699,0.688630491
TRAINING,./training2/img183.jpg,teamv2,0.357976654,0.507772021,,,0.668287938,0.781088083
TRAINING,./training2/img357.jpg,teamv2,0.151750973,0.248704663,,,0.629377432,0.705958549
TRAINING,./training2/img286.jpg,teamv2,0.106031128,0.237046632,,,0.555447471,0.682642487
TRAINING,./training2/img545.jpg,teamv2,0.378404669,0.054404145,,,0.771400778,0.703367876
TRAINING,./training2/img459.jpg,teamv2,0.477626459,0.308290155,,,0.807392996,0.743523316
TRAINING,./training2/img536.jpg,teamv2,0.412451362,0.044041451,,,0.705252918,0.559585492
TRAINING,./training2/img654.jpg,teamv2,0.717898833,0.751295337,,,0.372568093,0.235751295
TRAINING,./training2/img663.jpg,teamv2,0.804474708,0.689119171,,,0.456225681,0.049222798
TRAINING,./training2/img619.jpg,teamv2,0.464980545,0.316062176,,,0.596303502,0.569948187
TRAINING,./training2/img145.jpg,teamv2,0.428988327,0.163212435,,,0.893968872,0.518134715
TRAINING,./training2/img10.jpg,teamv2,0.335603113,0.240932642,,,0.761673152,0.628238342
TRAINING,./training2/img177.jpg,teamv2,0.341439689,0.5,,,0.647859922,0.787564767
TRAINING,./training2/img538.jpg,teamv2,0.3307393,0.251295337,,,0.657587549,0.766839378
TRAINING,./training2/img242.jpg,teamv2,0.358949416,0.235751295,,,0.644941634,0.590673575
TRAINING,./training2/img758.jpg,teamv2,0.200970874,0.056847545,,,0.650485437,0.751937984
TRAINING,./training2/img139.jpg,teamv2,0.376459144,0.357512953,,,0.796692607,0.699481865
TRAINING,./training2/img88.jpg,teamv2,0.35311284,0.361398964,,,0.691634241,0.607512953
TRAINING,./training2/img677.jpg,teamv2,0.245136187,0.191709845,,,0.60311284,0.602331606
TRAINING,./training2/img684.jpg,teamv2,0.224271845,0.160206718,,,0.713592233,0.662790698
TRAINING,./training2/img599.jpg,teamv2,0.812256809,0.650259067,,,0.571984436,0.148963731
TRAINING,./training2/img293.jpg,teamv2,0.376459144,0.259067358,,,0.800583658,0.652849741
TRAINING,./training2/img168.jpg,teamv2,0.408560311,0.317357513,,,0.685797665,0.593264249
TRAINING,./training2/img509.jpg,teamv2,0.361867704,0.207253886,,,0.649805447,0.704663212
TRAINING,./training2/img236.jpg,teamv2,0.246108949,0.160621762,,,0.61770428,0.544041451
TRAINING,./training2/img482.jpg,teamv2,0.321984436,0.357512953,,,0.643968872,0.792746114
TRAINING,./training2/img40.jpg,teamv2,0.261673152,0.222797927,,,0.802529183,0.715025907
TRAINING,./training2/img714.jpg,teamv2,0.20776699,0.390180879,,,0.559223301,0.781653747
TRAINING,./training2/img610.jpg,teamv2,0.456225681,0.310880829,,,0.771400778,0.851036269
TRAINING,./training2/img729.jpg,teamv2,0.27184466,0.183462532,,,0.681553398,0.828165375
TRAINING,./training2/img203.jpg,teamv2,0.360894942,0.161917098,,,0.751945525,0.581606218
TRAINING,./training2/img335.jpg,teamv2,0.195525292,0.28238342,,,0.569066148,0.639896373
TRAINING,./training2/img686.jpg,teamv2,0.150485437,0.183462532,,,0.697087379,0.720930233
TRAINING,./training2/img48.jpg,teamv2,0.38229572,0.373056995,,,0.736381323,0.658031088
TRAINING,./training2/img252.jpg,teamv2,0.379377432,0.50388601,,,0.619649805,0.762953368
TRAINING,./training2/img387.jpg,teamv2,0.224708171,0.278497409,,,0.612840467,0.712435233
TRAINING,./training2/img559.jpg,teamv2,0.285019455,0.016839378,,,0.639105058,0.559585492
TRAINING,./training2/img555.jpg,teamv2,0.892023346,0.775906736,,,0.408560311,0
TRAINING,./training2/img30.jpg,teamv2,0.326848249,0.274611399,,,0.657587549,0.624352332
TRAINING,./training2/img609.jpg,teamv2,0.408560311,0.344559585,,,0.755836576,0.893782383
TRAINING,./training2/img331.jpg,teamv2,0.373540856,0.194300518,,,0.732490272,0.57642487
TRAINING,./training2/img227.jpg,teamv2,0.072957198,0.362694301,,,0.553501946,0.865284974
TRAINING,./training2/img12.jpg,teamv2,0.271400778,0.256476684,,,0.660505837,0.551813472
TRAINING,./training2/img218.jpg,teamv2,0.309338521,0.222797927,,,0.738326848,0.637305699
TRAINING,./training2/img173.jpg,teamv2,0.312256809,0.362694301,,,0.637159533,0.689119171
TRAINING,./training2/img592.jpg,teamv2,0.434824903,0.24611399,,,0.758754864,0.792746114
TRAINING,./training2/img640.jpg,teamv2,0.340466926,0.308290155,,,0.629377432,0.825129534
TRAINING,./training2/img760.jpg,teamv2,0.209708738,0.098191214,,,0.687378641,0.838501292
TRAINING,./training2/img494.jpg,teamv2,0.430933852,0.231865285,,,0.798638132,0.900259067
TRAINING,./training2/img239.jpg,teamv2,0.279182879,0.325129534,,,0.781128405,0.810880829
TRAINING,./training2/img457.jpg,teamv2,0.833657588,0.928756477,,,0.546692607,0.345854922
TRAINING,./training2/img551.jpg,teamv2,0.182879377,0.106217617,,,0.59922179,0.766839378
TRAINING,./training2/img353.jpg,teamv2,0.193579767,0.288860104,,,0.63229572,0.689119171
TRAINING,./training2/img374.jpg,teamv2,0.329766537,0.161917098,,,0.736381323,0.567357513
TRAINING,./training2/img471.jpg,teamv2,0.463035019,0.269430052,,,0.708171206,0.632124352
TRAINING,./training2/img37.jpg,teamv2,0.108949416,0.433937824,,,0.569066148,0.834196891
TRAINING,./training2/img235.jpg,teamv2,0.413424125,0.117875648,,,0.825875486,0.562176166
TRAINING,./training2/img347.jpg,teamv2,0.374513619,0.207253886,,,0.745136187,0.646373057
TRAINING,./training2/img702.jpg,teamv2,0.332038835,0.218346253,,,0.832038835,0.65503876
TRAINING,./training2/img174.jpg,teamv2,0.347276265,0.428756477,,,0.65077821,0.734455959
TRAINING,./training2/img124.jpg,teamv2,0.370622568,0.172279793,,,0.740272374,0.527202073
TRAINING,./training2/img106.jpg,teamv2,0.666342412,0.773316062,,,0.225680934,0.393782383
TRAINING,./training2/img332.jpg,teamv2,0.187743191,0.325129534,,,0.5807393,0.654145078
TRAINING,./training2/img34.jpg,teamv2,0.179961089,0.398963731,,,0.558365759,0.792746114
TRAINING,./training2/img753.jpg,teamv2,0.36407767,0.183462532,,,0.823300971,0.802325581
TRAINING,./training2/img100.jpg,teamv2,0.193579767,0.371761658,,,0.510700389,0.737046632
TRAINING,./training2/img642.jpg,teamv2,0.286964981,0.398963731,,,0.600194553,0.898963731
TRAINING,./training2/img433.jpg,teamv2,0.699416342,0.737046632,,,0.302529183,0.182642487
TRAINING,./training2/img237.jpg,teamv2,0.825875486,0.505181347,,,0.404669261,0.098445596
TRAINING,./training2/img628.jpg,teamv2,0.418287938,0.266839378,,,0.713035019,0.759067358
TRAINING,./training2/img199.jpg,teamv2,0.540856031,0.389896373,,,0.884241245,0.743523316
TRAINING,./training2/img520.jpg,teamv2,0.245136187,0.17746114,,,0.642996109,0.694300518
TRAINING,./training2/img617.jpg,teamv2,0.461089494,0.348445596,,,0.689688716,0.748704663
TRAINING,./training2/img190.jpg,teamv2,0.398832685,0.21761658,,,0.727626459,0.560880829
TRAINING,./training2/img447.jpg,teamv2,0.68385214,0.582901554,,,0.462062257,0.091968912
TRAINING,./training2/img87.jpg,teamv2,0.298638132,0.424870466,,,0.61770428,0.765544041
TRAINING,./training2/img135.jpg,teamv2,0.296692607,0.312176166,,,0.757782101,0.670984456
TRAINING,./training2/img718.jpg,teamv2,0.27961165,0.028423773,,,0.745631068,0.76744186
TRAINING,./training2/img483.jpg,teamv2,0.327821012,0.265544041,,,0.588521401,0.762953368
TRAINING,./training2/img41.jpg,teamv2,0.370622568,0.224093264,,,0.940661479,0.738341969
TRAINING,./training2/img750.jpg,teamv2,0.32038835,0.072351421,,,0.738834951,0.866925065
TRAINING,./training2/img271.jpg,teamv2,0.303501946,0.591968912,,,0.59922179,0.857512953
TRAINING,./training2/img446.jpg,teamv2,0.35311284,0.137305699,,,0.653696498,0.593264249
TRAINING,./training2/img491.jpg,teamv2,0.413424125,0.203367876,,,0.75,0.759067358
TRAINING,./training2/img721.jpg,teamv2,0.280582524,0.112403101,,,0.641747573,0.723514212
TRAINING,./training2/img688.jpg,teamv2,0.123300971,0.219638243,,,0.663106796,0.69250646
TRAINING,./training2/img605.jpg,teamv2,0.266536965,0.029792746,,,0.59922179,0.443005181
TRAINING,./training2/img376.jpg,teamv2,0.443579767,0.199481865,,,0.824902724,0.630829016
TRAINING,./training2/img19.jpg,teamv2,0.173151751,0.378238342,,,0.577821012,0.742227979
TRAINING,./training2/img650.jpg,teamv2,0.776264591,0.647668394,,,0.446498054,0.044041451
TRAINING,./training2/img35.jpg,teamv2,0.19844358,0.393782383,,,0.572957198,0.787564767
TRAINING,./training2/img743.jpg,teamv2,0.24368932,0.291989664,,,0.550485437,0.773901809
TRAINING,./training2/img278.jpg,teamv2,0.76848249,0.727979275,,,0.388132296,0.284974093
TRAINING,./training2/img300.jpg,teamv2,0.05155642,0.388601036,,,0.495136187,0.778497409
TRAINING,./training2/img244.jpg,teamv2,0.375486381,0.25388601,,,0.670233463,0.575129534
TRAINING,./training2/img3.jpg,teamv2,0.254863813,0.193005181,,,0.680933852,0.64507772
TRAINING,./training2/img727.jpg,teamv2,0.315533981,0.145994832,,,0.709708738,0.773901809
TRAINING,./training2/img735.jpg,teamv2,0.306796117,0.130490956,,,0.705825243,0.754521964
TRAINING,./training2/img169.jpg,teamv2,0.411478599,0.319948187,,,0.704280156,0.611398964
TRAINING,./training2/img533.jpg,teamv2,0.116731518,0.172279793,,,0.516536965,0.751295337
TRAINING,./training2/img159.jpg,teamv2,0.199416342,0.196891192,,,0.601167315,0.632124352
TRAINING,./training2/img130.jpg,teamv2,0.284046693,0.317357513,,,0.725680934,0.658031088
TRAINING,./training2/img319.jpg,teamv2,0.176070039,0.351036269,,,0.649805447,0.769430052
TRAINING,./training2/img77.jpg,teamv2,0.180933852,0.39507772,,,0.479571984,0.737046632
TRAINING,./training2/img110.jpg,teamv2,0.434824903,0.430051813,,,0.689688716,0.699481865
TRAINING,./training2/img301.jpg,teamv2,0.039883268,0.382124352,,,0.486381323,0.78238342
TRAINING,./training2/img438.jpg,teamv2,0.774319066,0.871761658,,,0.34922179,0.186528497
TRAINING,./training2/img350.jpg,teamv2,0.263618677,0.339378238,,,0.709143969,0.756476684
TRAINING,./training2/img167.jpg,teamv2,0.288910506,0.306994819,,,0.520428016,0.546632124
TRAINING,./training2/img739.jpg,teamv2,0.32815534,0.250645995,,,0.697087379,0.829457364
TRAINING,./training2/img682.jpg,teamv2,0.288349515,0.095607235,,,0.766019417,0.61627907
TRAINING,./training2/img142.jpg,teamv2,0.308365759,0.335492228,,,0.703307393,0.707253886
TRAINING,./training2/img7.jpg,teamv2,0.469844358,0.211139896,,,0.822957198,0.569948187
TRAINING,./training2/img238.jpg,teamv2,0.260700389,0.294041451,,,0.776264591,0.838082902
TRAINING,./training2/img570.jpg,teamv2,0.358949416,0.031088083,,,0.748054475,0.726683938
TRAINING,./training2/img258.jpg,teamv2,0.288910506,0.357512953,,,0.622568093,0.672279793
TRAINING,./training2/img250.jpg,teamv2,0.366731518,0.413212435,,,0.635214008,0.685233161
TRAINING,./training2/img155.jpg,teamv2,0.699416342,0.708549223,,,0.294747082,0.242227979
TRAINING,./training2/img662.jpg,teamv2,0.409533074,0.409326425,,,0.622568093,0.801813472
TRAINING,./training2/img222.jpg,teamv2,0.14688716,0.287564767,,,0.557392996,0.70984456
TRAINING,./training2/img91.jpg,teamv2,0.286964981,0.330310881,,,0.600194553,0.651554404
TRAINING,./training2/img563.jpg,teamv2,0.326848249,0.191709845,,,0.695525292,0.834196891
TRAINING,./training2/img162.jpg,teamv2,0.30155642,0.158031088,,,0.699416342,0.554404145
TRAINING,./training2/img701.jpg,teamv2,0.357281553,0.205426357,,,0.754368932,0.673126615
TRAINING,./training2/img577.jpg,teamv2,0.332684825,0.115284974,,,0.717898833,0.775906736
TRAINING,./training2/img658.jpg,teamv2,0.36770428,0.132124352,,,0.653696498,0.703367876
TRAINING,./training2/img360.jpg,teamv2,0.685797665,0.721502591,,,0.321011673,0.218911917
TRAINING,./training2/img288.jpg,teamv2,0.215953307,0.351036269,,,0.690661479,0.814766839
TRAINING,./training2/img59.jpg,teamv2,0.464980545,0.413212435,,,0.808365759,0.816062176
TRAINING,./training2/img72.jpg,teamv2,0.292801556,0.329015544,,,0.586575875,0.655440415
TRAINING,./training2/img101.jpg,teamv2,0.193579767,0.370466321,,,0.513618677,0.721502591
TRAINING,./training2/img460.jpg,teamv2,0.437743191,0.009067358,,,0.730544747,0.510362694
TRAINING,./training2/img133.jpg,teamv2,0.282101167,0.437823834,,,0.736381323,0.731865285
TRAINING,./training2/img195.jpg,teamv2,0.388132296,0.24611399,,,0.790856031,0.654145078
TRAINING,./training2/img389.jpg,teamv2,0.34922179,0.304404145,,,0.703307393,0.683937824
TRAINING,./training2/img137.jpg,teamv2,0.387159533,0.360103627,,,0.817120623,0.735751295
TRAINING,./training2/img401.jpg,teamv2,0.232490272,0.14507772,,,0.835603113,0.678756477
TRAINING,./training2/img14.jpg,teamv2,0.253891051,0.362694301,,,0.638132296,0.639896373
TRAINING,./training2/img539.jpg,teamv2,0.398832685,0.334196891,,,0.678015564,0.861398964
TRAINING,./training2/img29.jpg,teamv2,0.201361868,0.242227979,,,0.591439689,0.652849741
TRAINING,./training2/img582.jpg,teamv2,0.412451362,0.06865285,,,0.686770428,0.584196891
TRAINING,./training2/img245.jpg,teamv2,0.362840467,0.251295337,,,0.672178988,0.579015544
TRAINING,./training2/img487.jpg,teamv2,0.468871595,0.111398964,,,0.785992218,0.693005181
TRAINING,./training2/img728.jpg,teamv2,0.330097087,0.224806202,,,0.678640777,0.781653747
TRAINING,./training2/img613.jpg,teamv2,0.347276265,0.272020725,,,0.679961089,0.801813472
TRAINING,./training2/img707.jpg,teamv2,0.278640777,0.219638243,,,0.753398058,0.724806202
TRAINING,./training2/img719.jpg,teamv2,0.273786408,0.019379845,,,0.70776699,0.687338501
TRAINING,./training2/img639.jpg,teamv2,0.321984436,0.183937824,,,0.657587549,0.751295337
TRAINING,./training2/img740.jpg,teamv2,0.33592233,0.310077519,,,0.668932039,0.874677003
TRAINING,./training2/img46.jpg,teamv2,0.456225681,0.268134715,,,0.833657588,0.591968912
TRAINING,./training2/img94.jpg,teamv2,0.181906615,0.398963731,,,0.511673152,0.683937824
TRAINING,./training2/img370.jpg,teamv2,0.185797665,0.243523316,,,0.588521401,0.668393782
TRAINING,./training2/img283.jpg,teamv2,0.422178988,0.352331606,,,0.670233463,0.620466321
TRAINING,./training2/img664.jpg,teamv2,0.673151751,0.801813472,,,0.357976654,0.222797927
TRAINING,./training2/img525.jpg,teamv2,0.232490272,0.260362694,,,0.647859922,0.898963731
TRAINING,./training2/img732.jpg,teamv2,0.295145631,0.149870801,,,0.682524272,0.790697674
TRAINING,./training2/img604.jpg,teamv2,0.273346304,0.112694301,,,0.841439689,0.729274611
TRAINING,./training2/img590.jpg,teamv2,0.66536965,0.702072539,,,0.410505837,0.174870466
TRAINING,./training2/img143.jpg,teamv2,0.40077821,0.378238342,,,0.798638132,0.740932642
TRAINING,./training2/img529.jpg,teamv2,0.21692607,0.183937824,,,0.58463035,0.801813472
TRAINING,./training2/img742.jpg,teamv2,0.530097087,0.290697674,,,0.82038835,0.804909561
TRAINING,./training2/img112.jpg,teamv2,0.370622568,0.439119171,,,0.631322957,0.693005181
TRAINING,./training2/img713.jpg,teamv2,0.388349515,0.369509044,,,0.732038835,0.758397933
TRAINING,./training2/img118.jpg,teamv2,0.259727626,0.243523316,,,0.746108949,0.752590674
TRAINING,./training2/img380.jpg,teamv2,0.370622568,0.165803109,,,0.780155642,0.544041451
TRAINING,./training2/img86.jpg,teamv2,0.299610895,0.424870466,,,0.602140078,0.787564767
TRAINING,./training2/img516.jpg,teamv2,0.56614786,0.743523316,,,0.259727626,0.136010363
TRAINING,./training2/img572.jpg,teamv2,0.368677043,0.168393782,,,0.818093385,0.735751295
TRAINING,./training2/img323.jpg,teamv2,0.159533074,0.352331606,,,0.670233463,0.727979275
TRAINING,./training2/img80.jpg,teamv2,0.164396887,0.373056995,,,0.553501946,0.739637306
TRAINING,./training2/img763.jpg,teamv2,0.270873786,0.130490956,,,0.686407767,0.859173127
TRAINING,./training2/img420.jpg,teamv2,0.746108949,0.821243523,,,0.322957198,0.134715026
TRAINING,./training2/img603.jpg,teamv2,0.331712062,0.152849741,,,0.785992218,0.777202073
TRAINING,./training2/img430.jpg,teamv2,0.697470817,0.777202073,,,0.174124514,0.152849741
TRAINING,./training2/img499.jpg,teamv2,0.285019455,0.211139896,,,0.64688716,0.849740933
TRAINING,./training2/img709.jpg,teamv2,0.366019417,0.166666667,,,0.752427184,0.640826873
TRAINING,./training2/img54.jpg,teamv2,0.405642023,0.352331606,,,0.720817121,0.712435233
TRAINING,./training2/img749.jpg,teamv2,0.218446602,0.086563307,,,0.629126214,0.736434109
TRAINING,./training2/img18.jpg,teamv2,0.252918288,0.269430052,,,0.647859922,0.67357513
TRAINING,./training2/img119.jpg,teamv2,0.255836576,0.25388601,,,0.737354086,0.757772021
TRAINING,./training2/img469.jpg,teamv2,0.310311284,0.325129534,,,0.59922179,0.64119171
TRAINING,./training2/img254.jpg,teamv2,0.389105058,0.567357513,,,0.635214008,0.829015544
TRAINING,./training2/img381.jpg,teamv2,0.291828794,0.422279793,,,0.609922179,0.737046632
TRAINING,./training2/img285.jpg,teamv2,0.26848249,0.234455959,,,0.707198444,0.652849741
TRAINING,./training2/img661.jpg,teamv2,0.58463035,0.670984456,,,0.290856031,0.172279793
TRAINING,./training2/img197.jpg,teamv2,0.124513619,0.274611399,,,0.586575875,0.668393782
TRAINING,./training2/img575.jpg,teamv2,0.38229572,0.200777202,,,0.732490272,0.871761658
TRAINING,./training2/img92.jpg,teamv2,0.281128405,0.352331606,,,0.555447471,0.663212435
TRAINING,./training2/img38.jpg,teamv2,0.116731518,0.458549223,,,0.572957198,0.856217617
TRAINING,./training2/img624.jpg,teamv2,0.477626459,0.524611399,,,0.638132296,0.801813472
TRAINING,./training2/img17.jpg,teamv2,0.115758755,0.279792746,,,0.571011673,0.68134715
TRAINING,./training2/img333.jpg,teamv2,0.189688716,0.314766839,,,0.572957198,0.668393782
TRAINING,./training2/img410.jpg,teamv2,0.728599222,0.711139896,,,0.130350195,0.240932642
TRAINING,./training2/img748.jpg,teamv2,0.441747573,0.083979328,,,0.796116505,0.723514212
TRAINING,./training2/img170.jpg,teamv2,0.299610895,0.341968912,,,0.623540856,0.648963731
TRAINING,./training2/img726.jpg,teamv2,0.311650485,0.135658915,,,0.723300971,0.790697674
TRAINING,./training2/img156.jpg,teamv2,0.35311284,0.262953368,,,0.723735409,0.691709845
TRAINING,./training2/img82.jpg,teamv2,0.164396887,0.365284974,,,0.55155642,0.731865285
TRAINING,./training2/img486.jpg,teamv2,0.265564202,0.25388601,,,0.576848249,0.707253886
TRAINING,./training2/img522.jpg,teamv2,0.296692607,0.252590674,,,0.598249027,0.801813472
TRAINING,./training2/img596.jpg,teamv2,0.432879377,0.123056995,,,0.681906615,0.489637306
TRAINING,./training2/img526.jpg,teamv2,0.155642023,0.227979275,,,0.495136187,0.880829016
TRAINING,./training2/img585.jpg,teamv2,0.373540856,0.164507772,,,0.695525292,0.772020725
TRAINING,./training2/img546.jpg,teamv2,0.158560311,0.101036269,,,0.541828794,0.670984456
TRAINING,./training2/img637.jpg,teamv2,0.358949416,0.218911917,,,0.668287938,0.734455959
TRAINING,./training2/img705.jpg,teamv2,0.240776699,0.165374677,,,0.722330097,0.665374677
TRAINING,./training2/img419.jpg,teamv2,0.754863813,0.792746114,,,0.399805447,0.095854922
TRAINING,./training2/img68.jpg,teamv2,0.245136187,0.347150259,,,0.594357977,0.648963731
TRAINING,./training2/img1.jpg,teamv2,0.313229572,0.082901554,,,0.750972763,0.533678756
TRAINING,./training2/img21.jpg,teamv2,0.291828794,0.32642487,,,0.614785992,0.665803109
TRAINING,./training2/img5.jpg,teamv2,0.298638132,0.242227979,,,0.710116732,0.597150259
TRAINING,./training2/img109.jpg,teamv2,0.467898833,0.371761658,,,0.738326848,0.624352332
TRAINING,./training2/img670.jpg,teamv2,0.461089494,0.248704663,,,0.712062257,0.643782383
TRAINING,./training2/img113.jpg,teamv2,0.364785992,0.453367876,,,0.63229572,0.702072539
TRAINING,./training2/img574.jpg,teamv2,0.387159533,0.143782383,,,0.730544747,0.703367876
TRAINING,./training2/img43.jpg,teamv2,0.388132296,0.207253886,,,0.936770428,0.730569948
TRAINING,./training2/img307.jpg,teamv2,0.151750973,0.441709845,,,0.597276265,0.79015544
TRAINING,./training2/img383.jpg,teamv2,0.232490272,0.25,,,0.692607004,0.715025907
TRAINING,./training2/img501.jpg,teamv2,0.247081712,0.195595855,,,0.637159533,0.871761658
TRAINING,./training2/img324.jpg,teamv2,0.664396887,0.795336788,,,0.133268482,0.274611399
TRAINING,./training2/img685.jpg,teamv2,0.219417476,0.158914729,,,0.717475728,0.69250646
TRAINING,./training2/img733.jpg,teamv2,0.297087379,0.109819121,,,0.701941748,0.766149871
TRAINING,./training2/img391.jpg,teamv2,0.196498054,0.186528497,,,0.688715953,0.674870466
TRAINING,./training2/img657.jpg,teamv2,0.351167315,0.190414508,,,0.705252918,0.799222798
TRAINING,./training2/img710.jpg,teamv2,0.222330097,0.158914729,,,0.600970874,0.626614987
TRAINING,./training2/img687.jpg,teamv2,0.133980583,0.182170543,,,0.672815534,0.710594315
TRAINING,./training2/img581.jpg,teamv2,0.393968872,0.038860104,,,0.668287938,0.588082902
TRAINING,./training2/img76.jpg,teamv2,0.187743191,0.404145078,,,0.48151751,0.740932642
TRAINING,./training2/img595.jpg,teamv2,0.436770428,0.170984456,,,0.687743191,0.560880829
TRAINING,./training2/img16.jpg,teamv2,0.092412451,0.334196891,,,0.663424125,0.769430052
VALIDATION,./training2/img270.jpg,teamv2,0.323929961,0.487046632,,,0.620622568,0.768134715
VALIDATION,./training2/img55.jpg,teamv2,0.41536965,0.352331606,,,0.717898833,0.699481865
VALIDATION,./training2/img442.jpg,teamv2,0.602140078,0.867875648,,,0.106031128,0.115284974
VALIDATION,./training2/img275.jpg,teamv2,0.360894942,0.28238342,,,0.756809339,0.696891192
VALIDATION,./training2/img497.jpg,teamv2,0.351167315,0.129533679,,,0.697470817,0.775906736
VALIDATION,./training2/img302.jpg,teamv2,0.031128405,0.414507772,,,0.487354086,0.878238342
VALIDATION,./training2/img152.jpg,teamv2,0.273346304,0.432642487,,,0.671206226,0.740932642
VALIDATION,./training2/img322.jpg,teamv2,0.172178988,0.365284974,,,0.685797665,0.765544041
VALIDATION,./training2/img586.jpg,teamv2,0.48540856,0.270725389,,,0.833657588,0.827720207
VALIDATION,./training2/img25.jpg,teamv2,0.255836576,0.344559585,,,0.642023346,0.685233161
VALIDATION,./training2/img644.jpg,teamv2,0.275291829,0.235751295,,,0.537937743,0.743523316
VALIDATION,./training2/img108.jpg,teamv2,0.471789883,0.360103627,,,0.732490272,0.634715026
VALIDATION,./training2/img747.jpg,teamv2,0.422330097,0.242894057,,,0.795145631,0.76744186
VALIDATION,./training2/img274.jpg,teamv2,0.684824903,0.624352332,,,0.256809339,0.170984456
VALIDATION,./training2/img97.jpg,teamv2,0.323929961,0.512953368,,,0.497081712,0.722797927
VALIDATION,./training2/img330.jpg,teamv2,0.351167315,0.189119171,,,0.734435798,0.585492228
VALIDATION,./training2/img214.jpg,teamv2,0.302529183,0.291450777,,,0.679961089,0.626943005
VALIDATION,./training2/img651.jpg,teamv2,0.641050584,0.630829016,,,0.325875486,0.146373057
VALIDATION,./training2/img306.jpg,teamv2,0.13618677,0.432642487,,,0.609922179,0.794041451
VALIDATION,./training2/img406.jpg,teamv2,0.68385214,0.680051813,,,0.190661479,0.161917098
VALIDATION,./training2/img67.jpg,teamv2,0.392023346,0.29015544,,,0.763618677,0.602331606
VALIDATION,./training2/img444.jpg,teamv2,0.78307393,0.601036269,,,0.385214008,0.015544041
VALIDATION,./training2/img73.jpg,teamv2,0.286964981,0.32642487,,,0.585603113,0.642487047
VALIDATION,./training2/img543.jpg,teamv2,0.395914397,0.266839378,,,0.715953307,0.78238342
VALIDATION,./training2/img9.jpg,teamv2,0.436770428,0.24611399,,,0.765564202,0.619170984
VALIDATION,./training2/img655.jpg,teamv2,0.467898833,0.53626943,,,0.223735409,0.170984456
VALIDATION,./training2/img329.jpg,teamv2,0.941634241,0.658031088,,,0.515564202,0.191709845
VALIDATION,./training2/img321.jpg,teamv2,0.213035019,0.361398964,,,0.608949416,0.772020725
VALIDATION,./training2/img399.jpg,teamv2,0.164396887,0.284974093,,,0.559338521,0.678756477
VALIDATION,./training2/img549.jpg,teamv2,0.340466926,0.116580311,,,0.674124514,0.797927461
VALIDATION,./training2/img13.jpg,teamv2,0.319066148,0.268134715,,,0.755836576,0.623056995
VALIDATION,./training2/img498.jpg,teamv2,0.314202335,0.146373057,,,0.715953307,0.784974093
VALIDATION,./training2/img165.jpg,teamv2,0.200389105,0.39119171,,,0.642996109,0.765544041
VALIDATION,./training2/img641.jpg,teamv2,0.321984436,0.262953368,,,0.604085603,0.794041451
VALIDATION,./training2/img649.jpg,teamv2,0.418287938,0.110103627,,,0.653696498,0.556994819
VALIDATION,./training2/img53.jpg,teamv2,0.318093385,0.270725389,,,0.736381323,0.632124352
VALIDATION,./training2/img232.jpg,teamv2,0.411478599,0.340673575,,,0.722762646,0.739637306
VALIDATION,./training2/img355.jpg,teamv2,0.41536965,0.296632124,,,0.878404669,0.693005181
VALIDATION,./training2/img240.jpg,teamv2,0.351167315,0.239637306,,,0.642023346,0.593264249
VALIDATION,./training2/img470.jpg,teamv2,0.337548638,0.284974093,,,0.589494163,0.650259067
VALIDATION,./training2/img665.jpg,teamv2,0.422178988,0.266839378,,,0.660505837,0.652849741
VALIDATION,./training2/img158.jpg,teamv2,0.61381323,0.632124352,,,0.19844358,0.174870466
VALIDATION,./training2/img352.jpg,teamv2,0.170233463,0.225388601,,,0.593385214,0.696891192
VALIDATION,./training2/img272.jpg,teamv2,0.668287938,0.593264249,,,0.255836576,0.18134715
VALIDATION,./training2/img259.jpg,teamv2,0.288910506,0.344559585,,,0.61770428,0.665803109
VALIDATION,./training2/img388.jpg,teamv2,0.181906615,0.335492228,,,0.553501946,0.691709845
VALIDATION,./training2/img226.jpg,teamv2,0.098249027,0.379533679,,,0.553501946,0.860103627
VALIDATION,./training2/img751.jpg,teamv2,0.291262136,0.086563307,,,0.76407767,0.819121447
VALIDATION,./training2/img369.jpg,teamv2,0.161478599,0.119170984,,,0.65077821,0.567357513
VALIDATION,./training2/img127.jpg,teamv2,0.214007782,0.300518135,,,0.609922179,0.727979275
VALIDATION,./training2/img348.jpg,teamv2,0.240272374,0.248704663,,,0.710116732,0.711139896
VALIDATION,./training2/img756.jpg,teamv2,0.285436893,0.122739018,,,0.747572816,0.874677003
VALIDATION,./training2/img132.jpg,teamv2,0.296692607,0.430051813,,,0.732490272,0.730569948
VALIDATION,./training2/img564.jpg,teamv2,0.36770428,0.168393782,,,0.742217899,0.805699482
VALIDATION,./training2/img518.jpg,teamv2,0.191634241,0.164507772,,,0.642996109,0.694300518
VALIDATION,./training2/img58.jpg,teamv2,0.44844358,0.419689119,,,0.811284047,0.821243523
VALIDATION,./training2/img448.jpg,teamv2,0.709143969,0.121761658,,,0.438715953,0.53626943
VALIDATION,./training2/img425.jpg,teamv2,0.306420233,0.14507772,,,0.704280156,0.834196891
VALIDATION,./training2/img78.jpg,teamv2,0.267509728,0.370466321,,,0.571011673,0.747409326
VALIDATION,./training2/img255.jpg,teamv2,0.393968872,0.569948187,,,0.631322957,0.829015544
VALIDATION,./training2/img241.jpg,teamv2,0.355058366,0.237046632,,,0.627431907,0.611398964
VALIDATION,./training2/img111.jpg,teamv2,0.445525292,0.424870466,,,0.679961089,0.670984456
VALIDATION,./training2/img282.jpg,teamv2,0.412451362,0.363989637,,,0.674124514,0.584196891
VALIDATION,./training2/img397.jpg,teamv2,0.658560311,0.744818653,,,0.247081712,0.303108808
VALIDATION,./training2/img219.jpg,teamv2,0.325875486,0.20984456,,,0.742217899,0.624352332
VALIDATION,./training2/img404.jpg,teamv2,0.64688716,0.687823834,,,0.122568093,0.113989637
VALIDATION,./training2/img115.jpg,teamv2,0.042801556,0.308290155,,,0.484435798,0.716321244
VALIDATION,./training2/img204.jpg,teamv2,0.388132296,0.215025907,,,0.79766537,0.665803109
VALIDATION,./training2/img512.jpg,teamv2,0.387159533,0.174870466,,,0.724708171,0.792746114
VALIDATION,./training2/img229.jpg,teamv2,0.360894942,0.388601036,,,0.648832685,0.655440415
VALIDATION,./training2/img675.jpg,teamv2,0.392023346,0.301813472,,,0.648832685,0.804404145
VALIDATION,./training2/img515.jpg,teamv2,0.266536965,0.178756477,,,0.5807393,0.766839378
VALIDATION,./training2/img266.jpg,teamv2,0.293774319,0.455958549,,,0.594357977,0.759067358
VALIDATION,./training2/img315.jpg,teamv2,0.11381323,0.336787565,,,0.545719844,0.725388601
VALIDATION,./training2/img412.jpg,teamv2,0.767509728,0.682642487,,,0.191634241,0.287564767
VALIDATION,./training2/img416.jpg,teamv2,0.798638132,0.762953368,,,0.280155642,0.199481865
TRAINING,./training2/img626.jpg,teamv2,0.3307393,0.025906736,,,0.674124514,0.57253886
TRAINING,./training2/img554.jpg,teamv2,0.38618677,0.323834197,,,0.761673152,0.835492228
TRAINING,./training2/img42.jpg,teamv2,0.269455253,0.216321244,,,0.80155642,0.718911917
TRAINING,./training2/img337.jpg,teamv2,0.438715953,0.448186528,,,0.711089494,0.686528497
TRAINING,./training2/img273.jpg,teamv2,0.352140078,0.284974093,,,0.737354086,0.722797927
TRAINING,./training2/img189.jpg,teamv2,0.403696498,0.361398964,,,0.803501946,0.777202073
TRAINING,./training2/img629.jpg,teamv2,0.341439689,0.222797927,,,0.582684825,0.68134715
TRAINING,./training2/img450.jpg,teamv2,0.497081712,0.120466321,,,0.753891051,0.546632124
TRAINING,./training2/img102.jpg,teamv2,0.107976654,0.414507772,,,0.525291829,0.812176166
TRAINING,./training2/img451.jpg,teamv2,0.424124514,0.261658031,,,0.696498054,0.642487047
TRAINING,./training2/img423.jpg,teamv2,0.715953307,0.853626943,,,0.327821012,0.186528497
TRAINING,./training2/img382.jpg,teamv2,0.687743191,0.860103627,,,0.195525292,0.349740933
TRAINING,./training2/img393.jpg,teamv2,0.11770428,0.352331606,,,0.73151751,0.924870466
TRAINING,./training2/img479.jpg,teamv2,0.306420233,0.440414508,,,0.652723735,0.930051813
TRAINING,./training2/img6.jpg,teamv2,0.337548638,0.139896373,,,0.753891051,0.553108808
TRAINING,./training2/img593.jpg,teamv2,0.705252918,0.738341969,,,0.331712062,0.07253886
TRAINING,./training2/img231.jpg,teamv2,0.290856031,0.347150259,,,0.68385214,0.668393782
TRAINING,./training2/img765.jpg,teamv2,0.384466019,0.148578811,,,0.765048544,0.742894057
TRAINING,./training2/img553.jpg,teamv2,0.34922179,0.056994819,,,0.744163424,0.712435233
TRAINING,./training2/img295.jpg,teamv2,0.243190661,0.255181347,,,0.65077821,0.646373057
TRAINING,./training2/img163.jpg,teamv2,0.304474708,0.160621762,,,0.69844358,0.567357513
TRAINING,./training2/img74.jpg,teamv2,0.263618677,0.383419689,,,0.54766537,0.639896373
TRAINING,./training2/img104.jpg,teamv2,0.209143969,0.468911917,,,0.582684825,0.823834197
TRAINING,./training2/img477.jpg,teamv2,0.384241245,0.303108808,,,0.624513619,0.78238342
TRAINING,./training2/img495.jpg,teamv2,0.357003891,0.130829016,,,0.711089494,0.788860104
TRAINING,./training2/img45.jpg,teamv2,0.372568093,0.273316062,,,0.808365759,0.613989637
TRAINING,./training2/img531.jpg,teamv2,0.201361868,0.252590674,,,0.567120623,0.738341969
TRAINING,./training2/img263.jpg,teamv2,0.240272374,0.383419689,,,0.569066148,0.724093264
TRAINING,./training2/img265.jpg,teamv2,0.276264591,0.422279793,,,0.576848249,0.75388601
TRAINING,./training2/img23.jpg,teamv2,0.214980545,0.305699482,,,0.689688716,0.664507772
TRAINING,./training2/img741.jpg,teamv2,0.366990291,0.184754522,,,0.697087379,0.723514212
TRAINING,./training2/img8.jpg,teamv2,0.467898833,0.266839378,,,0.860894942,0.624352332
TRAINING,./training2/img64.jpg,teamv2,0.409533074,0.297927461,,,0.750972763,0.581606218
TRAINING,./training2/img511.jpg,teamv2,0.374513619,0.063471503,,,0.75,0.643782383
TRAINING,./training2/img571.jpg,teamv2,0.772373541,0.619170984,,,0.321011673,0.002590674
TRAINING,./training2/img746.jpg,teamv2,0.326213592,0.180878553,,,0.712621359,0.817829457
TRAINING,./training2/img400.jpg,teamv2,0.76459144,0.655440415,,,0.248054475,0.125647668
TEST,./training2/img303.jpg,teamv2,0.019455253,0.405440415,,,0.487354086,0.841968912
TEST,./training2/img176.jpg,teamv2,0.348249027,0.515544041,,,0.64688716,0.805699482
TEST,./training2/img184.jpg,teamv2,0.432879377,0.474093264,,,0.699416342,0.783678756
TEST,./training2/img548.jpg,teamv2,0.345330739,0.024611399,,,0.722762646,0.637305699
TEST,./training2/img149.jpg,teamv2,0.344357977,0.378238342,,,0.728599222,0.695595855
TEST,./training2/img502.jpg,teamv2,0.411478599,0.14119171,,,0.770428016,0.704663212
TEST,./training2/img454.jpg,teamv2,0.327821012,0.265544041,,,0.65077821,0.744818653
TEST,./training2/img136.jpg,teamv2,0.366731518,0.379533679,,,0.820038911,0.766839378
TEST,./training2/img579.jpg,teamv2,0.436770428,0.121761658,,,0.740272374,0.755181347
TEST,./training2/img182.jpg,teamv2,0.354085603,0.501295337,,,0.664396887,0.816062176
TEST,./training2/img134.jpg,teamv2,0.299610895,0.338082902,,,0.767509728,0.67746114
TEST,./training2/img464.jpg,teamv2,0.490272374,0.163212435,,,0.821011673,0.620466321
TEST,./training2/img363.jpg,teamv2,0.123540856,0.125647668,,,0.629377432,0.628238342
TEST,./training2/img468.jpg,teamv2,0.292801556,0.365284974,,,0.59922179,0.734455959
TEST,./training2/img154.jpg,teamv2,0.730544747,0.696891192,,,0.374513619,0.256476684
TEST,./training2/img141.jpg,teamv2,0.399805447,0.378238342,,,0.817120623,0.740932642
TEST,./training2/img148.jpg,teamv2,0.359922179,0.39119171,,,0.723735409,0.686528497
TEST,./training2/img666.jpg,teamv2,0.347276265,0.303108808,,,0.612840467,0.722797927
TEST,./training2/img20.jpg,teamv2,0.323929961,0.367875648,,,0.703307393,0.705958549
TEST,./training2/img372.jpg,teamv2,0.339494163,0.281088083,,,0.729571984,0.725388601
TEST,./training2/img660.jpg,teamv2,0.489299611,0.212435233,,,0.825875486,0.759067358
TEST,./training2/img98.jpg,teamv2,0.1692607,0.449481865,,,0.530155642,0.784974093
TEST,./training2/img299.jpg,teamv2,0.114785992,0.296632124,,,0.560311284,0.682642487
TEST,./training2/img567.jpg,teamv2,0.321011673,0.443005181,,,0.634241245,0.966321244
TEST,./training2/img413.jpg,teamv2,0.765564202,0.721502591,,,0.244163424,0.284974093
TEST,./training2/img359.jpg,teamv2,0.078793774,0.269430052,,,0.588521401,0.67746114
TEST,./training2/img44.jpg,teamv2,0.370622568,0.277202073,,,0.803501946,0.603626943
TEST,./training2/img723.jpg,teamv2,0.366019417,0.187338501,,,0.786407767,0.80878553
TEST,./training2/img151.jpg,teamv2,0.243190661,0.28626943,,,0.508754864,0.586787565
TEST,./training2/img724.jpg,teamv2,0.36407767,0.127906977,,,0.718446602,0.754521964
TEST,./training2/img172.jpg,teamv2,0.293774319,0.367875648,,,0.631322957,0.698186528
TEST,./training2/img39.jpg,teamv2,0.109922179,0.450777202,,,0.576848249,0.847150259
TEST,./training2/img656.jpg,teamv2,0.375486381,0.225388601,,,0.625486381,0.740932642
TEST,./training2/img198.jpg,teamv2,0.524319066,0.380829016,,,0.864785992,0.757772021
TEST,./training2/img234.jpg,teamv2,0.232490272,0.170984456,,,0.624513619,0.547927461
TEST,./training2/img161.jpg,teamv2,0.437743191,0.265544041,,,0.839494163,0.60880829